{
    "loss": [
        [
            10,
            5.0632
        ],
        [
            20,
            4.8763
        ],
        [
            30,
            4.8994
        ],
        [
            40,
            4.8613
        ],
        [
            50,
            4.8718
        ],
        [
            60,
            4.7157
        ],
        [
            70,
            4.7621
        ],
        [
            80,
            4.7455
        ],
        [
            90,
            4.7135
        ],
        [
            100,
            4.8269
        ],
        [
            110,
            4.7367
        ],
        [
            120,
            4.8491
        ],
        [
            130,
            4.7048
        ],
        [
            140,
            4.6707
        ],
        [
            150,
            4.5551
        ],
        [
            160,
            4.5945
        ],
        [
            170,
            4.7216
        ],
        [
            180,
            4.6974
        ],
        [
            190,
            4.6976
        ],
        [
            200,
            4.5853
        ],
        [
            210,
            4.675
        ],
        [
            220,
            4.6628
        ],
        [
            230,
            4.7064
        ],
        [
            240,
            4.6296
        ],
        [
            250,
            4.6496
        ],
        [
            260,
            4.5668
        ],
        [
            270,
            4.5628
        ],
        [
            280,
            4.5899
        ],
        [
            290,
            4.5565
        ],
        [
            300,
            4.4948
        ],
        [
            310,
            4.5189
        ],
        [
            320,
            4.5417
        ],
        [
            330,
            4.6481
        ],
        [
            340,
            4.6435
        ],
        [
            350,
            4.5441
        ],
        [
            360,
            4.6268
        ],
        [
            370,
            4.5802
        ]
    ],
    "accuracy": [],
    "f1": [],
    "precision": [],
    "recall": [],
    "learning_rate": [
        [
            10,
            0.0001952
        ],
        [
            20,
            0.00018986666666666668
        ],
        [
            30,
            0.00018453333333333334
        ],
        [
            40,
            0.00017920000000000002
        ],
        [
            50,
            0.00017386666666666667
        ],
        [
            60,
            0.00016853333333333336
        ],
        [
            70,
            0.0001632
        ],
        [
            80,
            0.00015786666666666666
        ],
        [
            90,
            0.00015253333333333335
        ],
        [
            100,
            0.0001472
        ],
        [
            110,
            0.00014186666666666668
        ],
        [
            120,
            0.00013653333333333334
        ],
        [
            130,
            0.00013120000000000002
        ],
        [
            140,
            0.00012586666666666667
        ],
        [
            150,
            0.00012053333333333334
        ],
        [
            160,
            0.0001152
        ],
        [
            170,
            0.00010986666666666668
        ],
        [
            180,
            0.00010453333333333333
        ],
        [
            190,
            9.92e-05
        ],
        [
            200,
            9.386666666666667e-05
        ],
        [
            210,
            8.853333333333333e-05
        ],
        [
            220,
            8.32e-05
        ],
        [
            230,
            7.786666666666667e-05
        ],
        [
            240,
            7.253333333333334e-05
        ],
        [
            250,
            6.720000000000001e-05
        ],
        [
            260,
            6.186666666666668e-05
        ],
        [
            270,
            5.6533333333333336e-05
        ],
        [
            280,
            5.1200000000000004e-05
        ],
        [
            290,
            4.5866666666666666e-05
        ],
        [
            300,
            4.0533333333333334e-05
        ],
        [
            310,
            3.52e-05
        ],
        [
            320,
            2.986666666666667e-05
        ],
        [
            330,
            2.4533333333333334e-05
        ],
        [
            340,
            1.9200000000000003e-05
        ],
        [
            350,
            1.3866666666666667e-05
        ],
        [
            360,
            8.533333333333334e-06
        ],
        [
            370,
            3.2000000000000003e-06
        ]
    ]
}